{"cameraMode":{"drawMode":0,"name":"Shaded","section":"Shading Mode"},"sceneLighting":false,"audioPlay":false,"sceneViewState":{"showFog":false,"showMaterialUpdate":false,"showSkybox":false,"showFlares":false,"showImageEffects":false,"showParticleSystems":false},"in2DMode":false,"pivot":{"x":170.85000610351563,"y":81.88667297363281,"z":0.0},"rotation":{"x":-0.24525758624076844,"y":0.013666238635778427,"z":-0.0034581362269818784,"w":-0.9693601131439209},"size":563.726806640625,"orthographic":false}